visit_id,visited_account_id,visitor_account_id,created_at
v1,acc30,acc1,2026-08-28 11:16:08
v2,acc9,acc1,2026-08-03 20:57:37
v3,acc14,acc1,2026-08-16 14:08:32
v4,acc17,acc1,2026-07-12 08:55:07
v5,acc6,acc1,2026-07-21 20:38:04
v6,acc14,acc1,2026-08-18 21:33:16
v7,acc10,acc4,2026-07-15 10:47:35
v8,acc6,acc4,2026-08-04 16:38:13
v9,acc10,acc5,2026-07-21 10:24:55
v10,acc2,acc5,2026-08-30 14:12:52
v11,acc16,acc5,2026-08-14 16:52:50
v12,acc24,acc6,2026-08-19 22:25:15
v13,acc5,acc6,2026-07-01 10:49:27
v14,acc9,acc6,2026-07-23 23:29:03
v15,acc5,acc7,2026-08-29 12:03:16
v16,acc14,acc7,2026-08-11 13:29:20
v17,acc12,acc7,2026-08-18 15:48:53
v18,acc15,acc7,2026-08-02 09:30:01
v19,acc25,acc7,2026-07-07 18:14:41
v20,acc3,acc7,2026-07-06 07:15:12
v21,acc12,acc8,2026-08-05 15:35:00
v22,acc18,acc8,2026-07-25 09:15:46
v23,acc15,acc8,2026-09-01 14:44:30
v24,acc22,acc8,2026-09-01 21:50:01
v25,acc16,acc9,2026-08-26 16:55:37
v26,acc15,acc9,2026-08-09 08:39:47
v27,acc4,acc9,2026-07-27 13:16:42
v28,acc3,acc9,2026-07-21 14:11:35
v29,acc3,acc9,2026-07-21 07:26:28
v30,acc24,acc9,2026-08-30 16:02:14
v31,acc29,acc10,2026-07-21 17:26:44
v32,acc14,acc11,2026-08-28 17:55:12
v33,acc24,acc11,2026-07-31 19:14:54
v34,acc26,acc11,2026-08-22 08:20:47
v35,acc17,acc11,2026-08-18 19:42:50
v36,acc28,acc11,2026-07-20 22:02:08
v37,acc18,acc11,2026-08-12 10:55:54
v38,acc16,acc11,2026-07-13 23:58:29
v39,acc1,acc11,2026-07-19 20:55:41
v40,acc15,acc12,2026-08-04 10:28:10
v41,acc24,acc12,2026-08-10 07:02:20
v42,acc27,acc12,2026-08-02 16:22:23
v43,acc15,acc12,2026-08-05 14:33:26
v44,acc20,acc12,2026-08-22 12:10:11
v45,acc3,acc12,2026-08-20 19:39:43
v46,acc8,acc12,2026-08-16 11:14:29
v47,acc22,acc12,2026-08-09 21:16:42
v48,acc1,acc12,2026-08-29 21:57:18
v49,acc23,acc12,2026-08-18 12:04:28
v50,acc13,acc12,2026-08-19 16:40:27
v51,acc24,acc12,2026-08-09 21:54:19
v52,acc7,acc12,2026-08-13 22:06:15
v53,acc14,acc12,2026-08-19 18:36:18
v54,acc24,acc12,2026-08-10 07:53:42
v55,acc14,acc12,2026-08-09 07:36:55
v56,acc27,acc12,2026-07-15 21:04:09
v57,acc26,acc12,2026-07-29 19:54:51
v58,acc19,acc12,2026-08-16 09:50:25
v59,acc1,acc12,2026-08-03 10:29:23
v60,acc23,acc12,2026-08-03 19:52:40
v61,acc16,acc14,2026-07-30 20:21:52
v62,acc16,acc14,2026-08-21 20:46:06
v63,acc11,acc14,2026-08-24 17:42:16
v64,acc12,acc14,2026-07-20 22:04:05
v65,acc28,acc14,2026-07-11 09:27:06
v66,acc25,acc14,2026-08-17 11:35:03
v67,acc26,acc15,2026-07-07 09:17:28
v68,acc23,acc15,2026-08-24 22:38:28
v69,acc12,acc16,2026-07-19 14:06:09
v70,acc9,acc16,2026-07-26 12:38:09
v71,acc26,acc16,2026-07-10 12:49:40
v72,acc17,acc16,2026-08-29 21:43:59
v73,acc30,acc16,2026-08-11 17:09:28
v74,acc18,acc17,2026-07-05 17:56:49
v75,acc3,acc18,2026-08-17 14:01:20
v76,acc4,acc18,2026-08-12 11:08:02
v77,acc10,acc18,2026-08-30 11:48:45
v78,acc16,acc18,2026-08-27 07:57:05
v79,acc1,acc18,2026-08-02 13:53:09
v80,acc19,acc18,2026-08-24 10:49:18
v81,acc17,acc19,2026-08-20 22:16:02
v82,acc26,acc19,2026-07-25 16:22:55
v83,acc26,acc19,2026-07-07 17:17:07
v84,acc27,acc19,2026-08-17 20:56:25
v85,acc29,acc20,2026-07-21 12:50:23
v86,acc17,acc20,2026-07-29 10:12:50
v87,acc5,acc20,2026-07-31 22:01:23
v88,acc18,acc20,2026-08-17 21:51:35
v89,acc24,acc21,2026-07-08 12:28:26
v90,acc18,acc22,2026-07-02 10:27:08
v91,acc30,acc22,2026-08-03 18:48:25
v92,acc12,acc22,2026-07-06 19:03:36
v93,acc18,acc22,2026-07-25 18:35:18
v94,acc26,acc23,2026-07-19 16:02:18
v95,acc24,acc23,2026-07-11 18:59:28
v96,acc21,acc23,2026-08-02 22:13:12
v97,acc28,acc23,2026-08-04 15:08:06
v98,acc20,acc23,2026-07-31 14:03:42
v99,acc26,acc24,2026-08-10 17:18:41
v100,acc2,acc24,2026-08-30 09:41:36
v101,acc8,acc24,2026-08-18 08:58:58
v102,acc6,acc24,2026-08-14 12:59:58
v103,acc2,acc24,2026-08-27 19:50:31
v104,acc6,acc24,2026-08-30 16:56:02
v105,acc1,acc24,2026-08-10 10:59:21
v106,acc10,acc24,2026-08-15 23:31:56
v107,acc5,acc24,2026-08-28 23:29:17
v108,acc7,acc24,2026-08-26 10:21:10
v109,acc25,acc24,2026-08-15 15:45:11
v110,acc1,acc24,2026-08-24 17:50:18
v111,acc19,acc24,2026-08-22 13:11:39
v112,acc29,acc24,2026-08-21 19:52:27
v113,acc17,acc24,2026-08-11 09:25:42
v114,acc4,acc24,2026-08-06 11:30:20
v115,acc8,acc24,2026-08-01 15:24:15
v116,acc26,acc24,2026-08-01 09:33:28
v117,acc17,acc24,2026-08-16 09:58:36
v118,acc4,acc24,2026-07-08 23:12:36
v119,acc22,acc26,2026-07-06 09:12:51
v120,acc25,acc26,2026-07-28 22:13:55
v121,acc11,acc26,2026-08-08 07:13:59
v122,acc7,acc26,2026-07-16 22:58:15
v123,acc23,acc26,2026-07-27 19:58:15
v124,acc18,acc26,2026-08-11 16:24:29
v125,acc17,acc28,2026-08-14 08:06:27
v126,acc26,acc29,2026-08-12 21:21:27
v127,acc27,acc29,2026-07-18 16:20:38
v128,acc23,acc29,2026-07-26 22:20:11
v129,acc13,acc29,2026-08-10 16:47:44
v130,acc21,acc29,2026-09-01 14:20:24
v131,acc9,acc29,2026-08-20 18:07:59
v132,acc12,acc30,2026-08-09 17:29:50
v133,acc7,acc30,2026-08-31 18:30:06
